Tỉnh thành,Khu vực,URL
An Giang,Châu Đốc,https://www.accuweather.com/web-api/three-day-redirect?key=351821&target=3day
An Giang,Chợ Mới,https://www.accuweather.com/web-api/three-day-redirect?key=351822&target=3day
An Giang,Long Xuyên,https://www.accuweather.com/web-api/three-day-redirect?key=351820&target=3day
An Giang,Phú Châu,https://www.accuweather.com/web-api/three-day-redirect?key=351824&target=3day
An Giang,Tịnh Biên,https://www.accuweather.com/web-api/three-day-redirect?key=351825&target=3day
An Giang,Tri Tôn,https://www.accuweather.com/web-api/three-day-redirect?key=351826&target=3day
An Giang,Xóm Khánh Hòa,https://www.accuweather.com/web-api/three-day-redirect?key=351827&target=3day
Bà Rịa - Vũng Tàu,Ấp Bình Châu,https://www.accuweather.com/web-api/three-day-redirect?key=352096&target=3day
Bà Rịa - Vũng Tàu,Bà Rịa,https://www.accuweather.com/web-api/three-day-redirect?key=352095&target=3day
Bà Rịa - Vũng Tàu,Châu Thành,https://www.accuweather.com/web-api/three-day-redirect?key=352091&target=3day
Bà Rịa - Vũng Tàu,Chợ Phước Hải,https://www.accuweather.com/web-api/three-day-redirect?key=352090&target=3day
Bà Rịa - Vũng Tàu,Cỏ Ống,https://www.accuweather.com/web-api/three-day-redirect?key=428244&target=3day
Bà Rịa - Vũng Tàu,Đất Đỏ,https://www.accuweather.com/web-api/three-day-redirect?key=352092&target=3day
Bà Rịa - Vũng Tàu,Grande Village de Poulo Condore,https://www.accuweather.com/web-api/three-day-redirect?key=427812&target=3day
Bà Rịa - Vũng Tàu,Long Lễ,https://www.accuweather.com/web-api/three-day-redirect?key=352094&target=3day
Bà Rịa - Vũng Tàu,Vũng Tàu,https://www.accuweather.com/web-api/three-day-redirect?key=352089&target=3day
Bà Rịa - Vũng Tàu,Xã Bình Giã,https://www.accuweather.com/web-api/three-day-redirect?key=352097&target=3day
Bắc Giang,Bắc Giang,https://www.accuweather.com/web-api/three-day-redirect?key=352098&target=3day
Bắc Kạn,Bắc Kạn,https://www.accuweather.com/web-api/three-day-redirect?key=352107&target=3day
Bạc Liêu,Bạc Liêu,https://www.accuweather.com/web-api/three-day-redirect?key=352113&target=3day
Bắc Ninh,Bắc Ninh,https://www.accuweather.com/web-api/three-day-redirect?key=352118&target=3day
Bến Tre,Bến Tre,https://www.accuweather.com/web-api/three-day-redirect?key=352226&target=3day
Bình Định,An Lão,https://www.accuweather.com/web-api/three-day-redirect?key=352240&target=3day
Bình Định,Bồng Sơn,https://www.accuweather.com/web-api/three-day-redirect?key=352232&target=3day
Bình Định,Chấn An,https://www.accuweather.com/web-api/three-day-redirect?key=352241&target=3day
Bình Định,Định Bình,https://www.accuweather.com/web-api/three-day-redirect?key=352233&target=3day
Bình Định,Dương Liễu,https://www.accuweather.com/web-api/three-day-redirect?key=352234&target=3day
Bình Định,Hữu Giang,https://www.accuweather.com/web-api/three-day-redirect?key=352235&target=3day
Bình Định,Phú An,https://www.accuweather.com/web-api/three-day-redirect?key=352243&target=3day
Bình Định,Phù Cát,https://www.accuweather.com/web-api/three-day-redirect?key=352244&target=3day
Bình Định,Phú Xuân,https://www.accuweather.com/web-api/three-day-redirect?key=352236&target=3day
Bình Định,Quy Nhơn,https://www.accuweather.com/web-api/three-day-redirect?key=171&target=3day
Bình Định,Tam Quan,https://www.accuweather.com/web-api/three-day-redirect?key=352237&target=3day
Bình Định,Vân Canh,https://www.accuweather.com/web-api/three-day-redirect?key=352245&target=3day
Bình Định,Văn Thiên,https://www.accuweather.com/web-api/three-day-redirect?key=352238&target=3day
Bình Định,Vĩnh Phúc,https://www.accuweather.com/web-api/three-day-redirect?key=352239&target=3day
Bình Dương,Ấp Bàu Bàng,https://www.accuweather.com/web-api/three-day-redirect?key=352249&target=3day
Bình Dương,Dầu Tiếng,https://www.accuweather.com/web-api/three-day-redirect?key=352248&target=3day
Bình Dương,Dĩ An,https://www.accuweather.com/web-api/three-day-redirect?key=352247&target=3day
Bình Dương,Tân Uyên,https://www.accuweather.com/web-api/three-day-redirect?key=352250&target=3day
Bình Dương,Thủ Dầu Một,https://www.accuweather.com/web-api/three-day-redirect?key=352246&target=3day
Bình Dương,Xóm Bến Oản,https://www.accuweather.com/web-api/three-day-redirect?key=352251&target=3day
Bình Dương,Xóm Trùm Tháp,https://www.accuweather.com/web-api/three-day-redirect?key=352252&target=3day
Bình Phước,Ấp Lộc Thạnh,https://www.accuweather.com/web-api/three-day-redirect?key=352256&target=3day
Bình Phước,Bà Rá,https://www.accuweather.com/web-api/three-day-redirect?key=352255&target=3day
Bình Phước,Cư Xá Công Chức,https://www.accuweather.com/web-api/three-day-redirect?key=427639&target=3day
Bình Phước,Đăng Bóa,https://www.accuweather.com/web-api/three-day-redirect?key=352257&target=3day
Bình Phước,Địa Điểm Bunard,https://www.accuweather.com/web-api/three-day-redirect?key=352258&target=3day
Bình Phước,Đồng Phú,https://www.accuweather.com/web-api/three-day-redirect?key=352261&target=3day
Bình Phước,Đồng Xoài,https://www.accuweather.com/web-api/three-day-redirect?key=426222&target=3day
Bình Phước,Hớn Quản,https://www.accuweather.com/web-api/three-day-redirect?key=352253&target=3day
Bình Phước,Phước Bình,https://www.accuweather.com/web-api/three-day-redirect?key=352259&target=3day
Bình Phước,Phước Hòa,https://www.accuweather.com/web-api/three-day-redirect?key=352260&target=3day
Bình Thuận,Ấp Long Hòa,https://www.accuweather.com/web-api/three-day-redirect?key=352263&target=3day
Bình Thuận,Ấp Rừng Lá,https://www.accuweather.com/web-api/three-day-redirect?key=352269&target=3day
Bình Thuận,Ấp Tam Tân,https://www.accuweather.com/web-api/three-day-redirect?key=352267&target=3day
Bình Thuận,Ấp Thiện Ái,https://www.accuweather.com/web-api/three-day-redirect?key=352271&target=3day
Bình Thuận,Bảo Lộc,https://www.accuweather.com/web-api/three-day-redirect?key=352265&target=3day
Bình Thuận,Da Hoa,https://www.accuweather.com/web-api/three-day-redirect?key=352272&target=3day
Bình Thuận,Dinh Ðiền Dak Ménou,https://www.accuweather.com/web-api/three-day-redirect?key=352273&target=3day
Bình Thuận,Hải Long,https://www.accuweather.com/web-api/three-day-redirect?key=352274&target=3day
Bình Thuận,Hàm Tân,https://www.accuweather.com/web-api/three-day-redirect?key=352266&target=3day
Bình Thuận,Hàm Thuận Bắc,https://www.accuweather.com/web-api/three-day-redirect?key=352275&target=3day
Bình Thuận,Hòa Đa,https://www.accuweather.com/web-api/three-day-redirect?key=352268&target=3day
Bình Thuận,Kê Gà,https://www.accuweather.com/web-api/three-day-redirect?key=352276&target=3day
Bình Thuận,Lagi,https://www.accuweather.com/web-api/three-day-redirect?key=352277&target=3day
Bình Thuận,Phan Lý,https://www.accuweather.com/web-api/three-day-redirect?key=352270&target=3day
Bình Thuận,Phan Thiết,https://www.accuweather.com/web-api/three-day-redirect?key=352262&target=3day
Bình Thuận,Phò Trì,https://www.accuweather.com/web-api/three-day-redirect?key=352279&target=3day
Bình Thuận,Tuy Phong,https://www.accuweather.com/web-api/three-day-redirect?key=352280&target=3day
Bình Thuận,Xã Hiêu Tin,https://www.accuweather.com/web-api/three-day-redirect?key=352281&target=3day
Bình Thuận,Xã Mường Mán,https://www.accuweather.com/web-api/three-day-redirect?key=352282&target=3day
Bình Thuận,Xã Phù Sung,https://www.accuweather.com/web-api/three-day-redirect?key=352283&target=3day
Bình Thuận,Xã Sông Lũy,https://www.accuweather.com/web-api/three-day-redirect?key=352264&target=3day
Cà Mau,Cà Mau,https://www.accuweather.com/web-api/three-day-redirect?key=352499&target=3day
Cần Thơ,Cần Thơ,https://www.accuweather.com/web-api/three-day-redirect?key=352508&target=3day
Cao Bằng,Cao Bằng,https://www.accuweather.com/web-api/three-day-redirect?key=352511&target=3day
Đà Nẵng,Đà Nẵng,https://www.accuweather.com/web-api/three-day-redirect?key=352954&target=3day
Đắk Lắk,Bản Ae Lai,https://www.accuweather.com/web-api/three-day-redirect?key=352960&target=3day
Đắk Lắk,Bản Ay Rieng,https://www.accuweather.com/web-api/three-day-redirect?key=352961&target=3day
Đắk Lắk,Bản Ðôn,https://www.accuweather.com/web-api/three-day-redirect?key=352962&target=3day
Đắk Lắk,Bản M'drack,https://www.accuweather.com/web-api/three-day-redirect?key=352957&target=3day
Đắk Lắk,Buôn Mă,https://www.accuweather.com/web-api/three-day-redirect?key=352963&target=3day
Đắk Lắk,Buôn Ma Thuột,https://www.accuweather.com/web-api/three-day-redirect?key=352955&target=3day
Đắk Lắk,Buôn Mrông,https://www.accuweather.com/web-api/three-day-redirect?key=352958&target=3day
Đắk Lắk,Buôn Phoke,https://www.accuweather.com/web-api/three-day-redirect?key=352964&target=3day
Đắk Lắk,Buôn Ya Soup,https://www.accuweather.com/web-api/three-day-redirect?key=352965&target=3day
Đắk Lắk,Nông Trại,https://www.accuweather.com/web-api/three-day-redirect?key=352966&target=3day
Đắk Lắk,Quảng Nhiêu,https://www.accuweather.com/web-api/three-day-redirect?key=352959&target=3day
Đắk Lắk,Xã Thọ Thành,https://www.accuweather.com/web-api/three-day-redirect?key=352967&target=3day
Đắk Nông,Ấp Bích Son,https://www.accuweather.com/web-api/three-day-redirect?key=352969&target=3day
Đắk Nông,Duc Lao,https://www.accuweather.com/web-api/three-day-redirect?key=352970&target=3day
Đắk Nông,Ðức Minh,https://www.accuweather.com/web-api/three-day-redirect?key=352971&target=3day
Đắk Nông,Gia Nghĩa,https://www.accuweather.com/web-api/three-day-redirect?key=352968&target=3day
Điện Biên,Điện Biên,https://www.accuweather.com/web-api/three-day-redirect?key=353001&target=3day
Đồng Nai,Ấp Tham Thiện,https://www.accuweather.com/web-api/three-day-redirect?key=353027&target=3day
Đồng Nai,Biên Hòa,https://www.accuweather.com/web-api/three-day-redirect?key=353021&target=3day
Đồng Nai,Cam Mỹ,https://www.accuweather.com/web-api/three-day-redirect?key=353024&target=3day
Đồng Nai,Cam Mỹ,https://www.accuweather.com/web-api/three-day-redirect?key=353025&target=3day
Đồng Nai,Đông Sài,https://www.accuweather.com/web-api/three-day-redirect?key=353026&target=3day
Đồng Nai,Phu Giáo,https://www.accuweather.com/web-api/three-day-redirect?key=353028&target=3day
Đồng Nai,Xã Gia Kiêm,https://www.accuweather.com/web-api/three-day-redirect?key=353030&target=3day
Đồng Nai,Xã Phương Lâm,https://www.accuweather.com/web-api/three-day-redirect?key=353031&target=3day
Đồng Nai,Xã Võ Đắt,https://www.accuweather.com/web-api/three-day-redirect?key=353022&target=3day
Đồng Nai,Xuân Lộc,https://www.accuweather.com/web-api/three-day-redirect?key=353023&target=3day
Đồng Tháp,Cao Lãnh,https://www.accuweather.com/web-api/three-day-redirect?key=353033&target=3day
Đồng Tháp,Sa Đéc,https://www.accuweather.com/web-api/three-day-redirect?key=353032&target=3day
Gia Lai,A Yun Pa,https://www.accuweather.com/web-api/three-day-redirect?key=353271&target=3day
Gia Lai,An Khê,https://www.accuweather.com/web-api/three-day-redirect?key=353272&target=3day
Gia Lai,Bản Bat,https://www.accuweather.com/web-api/three-day-redirect?key=353273&target=3day
Gia Lai,Ban Xã Thu,https://www.accuweather.com/web-api/three-day-redirect?key=353274&target=3day
Gia Lai,De Pouang,https://www.accuweather.com/web-api/three-day-redirect?key=353266&target=3day
Gia Lai,Dinh Ðiền Dak Quon,https://www.accuweather.com/web-api/three-day-redirect?key=353267&target=3day
Gia Lai,Phú Nhơn,https://www.accuweather.com/web-api/three-day-redirect?key=353275&target=3day
Gia Lai,Plei Doch,https://www.accuweather.com/web-api/three-day-redirect?key=353276&target=3day
Gia Lai,Plei Ken Ngo,https://www.accuweather.com/web-api/three-day-redirect?key=353268&target=3day
Gia Lai,Plei Khoie,https://www.accuweather.com/web-api/three-day-redirect?key=353277&target=3day
Gia Lai,Plei Klane Kla,https://www.accuweather.com/web-api/three-day-redirect?key=353269&target=3day
Gia Lai,Plei Kuel,https://www.accuweather.com/web-api/three-day-redirect?key=353278&target=3day
Gia Lai,Plei Morr,https://www.accuweather.com/web-api/three-day-redirect?key=353279&target=3day
Gia Lai,Plei Rongol Dogrong,https://www.accuweather.com/web-api/three-day-redirect?key=353270&target=3day
Gia Lai,Pleiku,https://www.accuweather.com/web-api/three-day-redirect?key=353265&target=3day
Gia Lai,Thăng Ðức,https://www.accuweather.com/web-api/three-day-redirect?key=353280&target=3day
Gia Lai,Xuong Kuang,https://www.accuweather.com/web-api/three-day-redirect?key=353281&target=3day
Hà Giang,Hà Giang,https://www.accuweather.com/web-api/three-day-redirect?key=353389&target=3day
Hà Nam,Phủ Lý,https://www.accuweather.com/web-api/three-day-redirect?key=353404&target=3day
Hà Nam,Tao Thôn,https://www.accuweather.com/web-api/three-day-redirect?key=353405&target=3day
Hà Nội,Hà Nội,https://www.accuweather.com/web-api/three-day-redirect?key=353412&target=3day
Hà Tĩnh,Hà Tĩnh,https://www.accuweather.com/web-api/three-day-redirect?key=353418&target=3day
Hải Dương,Hải Dương,https://www.accuweather.com/web-api/three-day-redirect?key=353501&target=3day
Hải Phòng,Hải Phòng,https://www.accuweather.com/web-api/three-day-redirect?key=353511&target=3day
Hậu Giang,Ấp Phú Nhơn,https://www.accuweather.com/web-api/three-day-redirect?key=353560&target=3day
Hậu Giang,Long Mỹ,https://www.accuweather.com/web-api/three-day-redirect?key=353561&target=3day
Hậu Giang,Rạch Gòi,https://www.accuweather.com/web-api/three-day-redirect?key=353562&target=3day
Hậu Giang,Vị Thanh,https://www.accuweather.com/web-api/three-day-redirect?key=353559&target=3day
Hồ Chí Minh,Thành phố Hồ Chí Minh,https://www.accuweather.com/web-api/three-day-redirect?key=353981&target=3day
Hòa Bình,Hòa Bình,https://www.accuweather.com/web-api/three-day-redirect?key=353983&target=3day
Hưng Yên,Hưng Yên,https://www.accuweather.com/web-api/three-day-redirect?key=353992&target=3day
Khánh Hòa,Ấp Đức Mỹ,https://www.accuweather.com/web-api/three-day-redirect?key=354229&target=3day
Khánh Hòa,Cam Lâm,https://www.accuweather.com/web-api/three-day-redirect?key=354223&target=3day
Khánh Hòa,Cam Ranh,https://www.accuweather.com/web-api/three-day-redirect?key=354224&target=3day
Khánh Hòa,Diên Khánh,https://www.accuweather.com/web-api/three-day-redirect?key=354225&target=3day
Khánh Hòa,Khánh Sơn,https://www.accuweather.com/web-api/three-day-redirect?key=354232&target=3day
Khánh Hòa,Khánh Vĩnh,https://www.accuweather.com/web-api/three-day-redirect?key=354230&target=3day
Khánh Hòa,Nha Trang,https://www.accuweather.com/web-api/three-day-redirect?key=354222&target=3day
Khánh Hòa,Ninh Hòa,https://www.accuweather.com/web-api/three-day-redirect?key=354226&target=3day
Khánh Hòa,Ninh Mã,https://www.accuweather.com/web-api/three-day-redirect?key=354227&target=3day
Khánh Hòa,Ninh Phước,https://www.accuweather.com/web-api/three-day-redirect?key=354228&target=3day
Khánh Hòa,Vạn Ninh,https://www.accuweather.com/web-api/three-day-redirect?key=354231&target=3day
Khánh Hòa,Xóm Mỹ Ca,https://www.accuweather.com/web-api/three-day-redirect?key=354233&target=3day
Kiến Giang,An Biên,https://www.accuweather.com/web-api/three-day-redirect?key=354239&target=3day
Kiến Giang,Ấp Lục,https://www.accuweather.com/web-api/three-day-redirect?key=354234&target=3day
Kiến Giang,Châu Thành,https://www.accuweather.com/web-api/three-day-redirect?key=354235&target=3day
Kiến Giang,Hà Tiên,https://www.accuweather.com/web-api/three-day-redirect?key=354236&target=3day
Kiến Giang,Phú Quốc,https://www.accuweather.com/web-api/three-day-redirect?key=354237&target=3day
Kiến Giang,Rạch Giá,https://www.accuweather.com/web-api/three-day-redirect?key=4493&target=3day
Kiến Giang,Xóm Ba Trại,https://www.accuweather.com/web-api/three-day-redirect?key=354238&target=3day
Kon Tum,Kon Tum,https://www.accuweather.com/web-api/three-day-redirect?key=354242&target=3day
Lai Châu,Lai Châu,https://www.accuweather.com/web-api/three-day-redirect?key=353000&target=3day
Lâm Đồng,Ấp Tân Mỹ,https://www.accuweather.com/web-api/three-day-redirect?key=354289&target=3day
Lâm Đồng,Ấp Thánh Hương,https://www.accuweather.com/web-api/three-day-redirect?key=354290&target=3day
Lâm Đồng,Đà Lạt,https://www.accuweather.com/web-api/three-day-redirect?key=354287&target=3day
Lâm Đồng,Di Linh,https://www.accuweather.com/web-api/three-day-redirect?key=354291&target=3day
Lâm Đồng,Ðong Krola,https://www.accuweather.com/web-api/three-day-redirect?key=354292&target=3day
Lâm Đồng,Phú Hội,https://www.accuweather.com/web-api/three-day-redirect?key=354288&target=3day
Lạng Sơn,Lạng Sơn,https://www.accuweather.com/web-api/three-day-redirect?key=354293&target=3day
Lào Cai,Lào Cai,https://www.accuweather.com/web-api/three-day-redirect?key=354305&target=3day
Long An,Ấp Bắc,https://www.accuweather.com/web-api/three-day-redirect?key=354475&target=3day
Long An,Ấp Bình Châu,https://www.accuweather.com/web-api/three-day-redirect?key=354473&target=3day
Long An,Ấp Cả Hoản,https://www.accuweather.com/web-api/three-day-redirect?key=354476&target=3day
Long An,Ấp Mới,https://www.accuweather.com/web-api/three-day-redirect?key=354477&target=3day
Long An,Bình Phước,https://www.accuweather.com/web-api/three-day-redirect?key=354474&target=3day
Long An,Câ`n Ðuo´c,https://www.accuweather.com/web-api/three-day-redirect?key=354478&target=3day
Long An,Cần Giuộc,https://www.accuweather.com/web-api/three-day-redirect?key=353979&target=3day
Long An,Hậu Nghĩa,https://www.accuweather.com/web-api/three-day-redirect?key=354471&target=3day
Long An,Tân An,https://www.accuweather.com/web-api/three-day-redirect?key=354470&target=3day
Long An,Thủ Thừa,https://www.accuweather.com/web-api/three-day-redirect?key=354472&target=3day
Nam Định,Nam Định,https://www.accuweather.com/web-api/three-day-redirect?key=355085&target=3day
Nghệ An,Bản Cha Hang,https://www.accuweather.com/web-api/three-day-redirect?key=355423&target=3day
Nghệ An,Bản Chiềng,https://www.accuweather.com/web-api/three-day-redirect?key=355424&target=3day
Nghệ An,Bản Kỏ Ôi,https://www.accuweather.com/web-api/three-day-redirect?key=355425&target=3day
Nghệ An,Bản Mông,https://www.accuweather.com/web-api/three-day-redirect?key=355426&target=3day
Nghệ An,Bản Na Ca,https://www.accuweather.com/web-api/three-day-redirect?key=355427&target=3day
Nghệ An,Bích Thị,https://www.accuweather.com/web-api/three-day-redirect?key=355429&target=3day
Nghệ An,Canh Tráp,https://www.accuweather.com/web-api/three-day-redirect?key=355430&target=3day
Nghệ An,Dương Long,https://www.accuweather.com/web-api/three-day-redirect?key=355431&target=3day
Nghệ An,Kỳ Sơn,https://www.accuweather.com/web-api/three-day-redirect?key=355418&target=3day
Nghệ An,Làng La,https://www.accuweather.com/web-api/three-day-redirect?key=355419&target=3day
Nghệ An,Làng Rao,https://www.accuweather.com/web-api/three-day-redirect?key=355432&target=3day
Nghệ An,Làng Se,https://www.accuweather.com/web-api/three-day-redirect?key=355433&target=3day
Nghệ An,Lương Khê,https://www.accuweather.com/web-api/three-day-redirect?key=355434&target=3day
Nghệ An,Mường Hin,https://www.accuweather.com/web-api/three-day-redirect?key=355435&target=3day
Nghệ An,Mường Hinh,https://www.accuweather.com/web-api/three-day-redirect?key=355436&target=3day
Nghệ An,Na Ac,https://www.accuweather.com/web-api/three-day-redirect?key=355437&target=3day
Nghệ An,Nghĩa Đàn,https://www.accuweather.com/web-api/three-day-redirect?key=355438&target=3day
Nghệ An,Phlen Loung,https://www.accuweather.com/web-api/three-day-redirect?key=355439&target=3day
Nghệ An,Phúc Thành,https://www.accuweather.com/web-api/three-day-redirect?key=355440&target=3day
Nghệ An,Quí Châu,https://www.accuweather.com/web-api/three-day-redirect?key=355441&target=3day
Nghệ An,Tam Lê,https://www.accuweather.com/web-api/three-day-redirect?key=355442&target=3day
Nghệ An,Tập Phúc,https://www.accuweather.com/web-api/three-day-redirect?key=355443&target=3day
Nghệ An,Tiên Yên,https://www.accuweather.com/web-api/three-day-redirect?key=355420&target=3day
Nghệ An,Tri Lê,https://www.accuweather.com/web-api/three-day-redirect?key=355444&target=3day
Nghệ An,Tương Dương,https://www.accuweather.com/web-api/three-day-redirect?key=355421&target=3day
Nghệ An,Vinh,https://www.accuweather.com/web-api/three-day-redirect?key=355417&target=3day
Nghệ An,Vĩnh Lai,https://www.accuweather.com/web-api/three-day-redirect?key=355445&target=3day
Nghệ An,Xa Truc,https://www.accuweather.com/web-api/three-day-redirect?key=355446&target=3day
Nghệ An,Xen Con,https://www.accuweather.com/web-api/three-day-redirect?key=355422&target=3day
Ninh Bình,Ninh Bình,https://www.accuweather.com/web-api/three-day-redirect?key=355447&target=3day
Ninh Thuận,An Phước,https://www.accuweather.com/web-api/three-day-redirect?key=355455&target=3day
Ninh Thuận,Du Long,https://www.accuweather.com/web-api/three-day-redirect?key=355453&target=3day
Ninh Thuận,Làng Ông,https://www.accuweather.com/web-api/three-day-redirect?key=355456&target=3day
Ninh Thuận,Phan Rang - Tháp Chàm,https://www.accuweather.com/web-api/three-day-redirect?key=355452&target=3day
Ninh Thuận,Thôn Bảo An,https://www.accuweather.com/web-api/three-day-redirect?key=355454&target=3day
Ninh Thuận,Thôn Ðô Vinh,https://www.accuweather.com/web-api/three-day-redirect?key=355457&target=3day
Ninh Thuận,Thôn Lạc Nghiệp,https://www.accuweather.com/web-api/three-day-redirect?key=355458&target=3day
Ninh Thuận,Thôn Sơn Hải,https://www.accuweather.com/web-api/three-day-redirect?key=355459&target=3day
Ninh Thuận,Thôn Sông Pha,https://www.accuweather.com/web-api/three-day-redirect?key=355460&target=3day
Ninh Thuận,Thôn Thái An,https://www.accuweather.com/web-api/three-day-redirect?key=355461&target=3day
Phú Thọ,Phú Thọ,https://www.accuweather.com/web-api/three-day-redirect?key=355588&target=3day
Phú Yên,Bàn Thạch,https://www.accuweather.com/web-api/three-day-redirect?key=355600&target=3day
Phú Yên,Bình Thạnh,https://www.accuweather.com/web-api/three-day-redirect?key=355601&target=3day
Phú Yên,Củng Sơn,https://www.accuweather.com/web-api/three-day-redirect?key=355596&target=3day
Phú Yên,Dân Phú,https://www.accuweather.com/web-api/three-day-redirect?key=355598&target=3day
Phú Yên,Đồng Xuân,https://www.accuweather.com/web-api/three-day-redirect?key=355602&target=3day
Phú Yên,Phú Giang,https://www.accuweather.com/web-api/three-day-redirect?key=355599&target=3day
Phú Yên,Phước Lãnh,https://www.accuweather.com/web-api/three-day-redirect?key=355603&target=3day
Phú Yên,Tuy Hòa,https://www.accuweather.com/web-api/three-day-redirect?key=355595&target=3day
Quảng Bình,Chà Nòi,https://www.accuweather.com/web-api/three-day-redirect?key=355702&target=3day
Quảng Bình,Chấp Lê,https://www.accuweather.com/web-api/three-day-redirect?key=355703&target=3day
Quảng Bình,Đồng Hới,https://www.accuweather.com/web-api/three-day-redirect?key=355698&target=3day
Quảng Bình,Ho Xa,https://www.accuweather.com/web-api/three-day-redirect?key=355699&target=3day
Quảng Bình,Kiêm Long,https://www.accuweather.com/web-api/three-day-redirect?key=355704&target=3day
Quảng Bình,Làng Mộ,https://www.accuweather.com/web-api/three-day-redirect?key=355705&target=3day
Quảng Bình,Lý Nhơn Bắc,https://www.accuweather.com/web-api/three-day-redirect?key=355700&target=3day
Quảng Bình,Quảng Ninh,https://www.accuweather.com/web-api/three-day-redirect?key=355701&target=3day
Quảng Bình,Quảng Trạch,https://www.accuweather.com/web-api/three-day-redirect?key=355706&target=3day
Quảng Bình,Thánh Lạng Xã,https://www.accuweather.com/web-api/three-day-redirect?key=355707&target=3day
Quảng Bình,Xuân Bồ,https://www.accuweather.com/web-api/three-day-redirect?key=355709&target=3day
Quảng Bình,Yên Lạc,https://www.accuweather.com/web-api/three-day-redirect?key=355710&target=3day
Quảng Nam,Ai Yin Young,https://www.accuweather.com/web-api/three-day-redirect?key=355720&target=3day
Quảng Nam,Bến Giang,https://www.accuweather.com/web-api/three-day-redirect?key=355721&target=3day
Quảng Nam,Điện Bàn,https://www.accuweather.com/web-api/three-day-redirect?key=355713&target=3day
Quảng Nam,Hà Nông Trung,https://www.accuweather.com/web-api/three-day-redirect?key=355714&target=3day
Quảng Nam,Hiệp Đức,https://www.accuweather.com/web-api/three-day-redirect?key=355715&target=3day
Quảng Nam,Hội An,https://www.accuweather.com/web-api/three-day-redirect?key=355711&target=3day
Quảng Nam,Khâm Đức,https://www.accuweather.com/web-api/three-day-redirect?key=355722&target=3day
Quảng Nam,Khương Trung,https://www.accuweather.com/web-api/three-day-redirect?key=355716&target=3day
Quảng Nam,Phú Bình,https://www.accuweather.com/web-api/three-day-redirect?key=355717&target=3day
Quảng Nam,Phú Xuân Hạ,https://www.accuweather.com/web-api/three-day-redirect?key=355723&target=3day
Quảng Nam,Tam Kỳ,https://www.accuweather.com/web-api/three-day-redirect?key=355712&target=3day
Quảng Nam,Thăng Bình,https://www.accuweather.com/web-api/three-day-redirect?key=355718&target=3day
Quảng Nam,Thôn Hai,https://www.accuweather.com/web-api/three-day-redirect?key=355719&target=3day
Quảng Nam,Thượng Đức,https://www.accuweather.com/web-api/three-day-redirect?key=355724&target=3day
Quảng Nam,Tiên Phước,https://www.accuweather.com/web-api/three-day-redirect?key=355725&target=3day
Quảng Nam,Trà Mi,https://www.accuweather.com/web-api/three-day-redirect?key=355726&target=3day
Quảng Ngãi,Quảng Ngãi,https://www.accuweather.com/web-api/three-day-redirect?key=355727&target=3day
Quảng Ninh,Cẩm Phả,https://www.accuweather.com/web-api/three-day-redirect?key=355737&target=3day
Quảng Ninh,Ðầm Hà,https://www.accuweather.com/web-api/three-day-redirect?key=355740&target=3day
Quảng Ninh,Ðông Triều,https://www.accuweather.com/web-api/three-day-redirect?key=355741&target=3day
Quảng Ninh,Đồng Vang,https://www.accuweather.com/web-api/three-day-redirect?key=355742&target=3day
Quảng Ninh,Hà Đông,https://www.accuweather.com/web-api/three-day-redirect?key=355743&target=3day
Quảng Ninh,Hạ Long,https://www.accuweather.com/web-api/three-day-redirect?key=355736&target=3day
Quảng Ninh,Kê Phong,https://www.accuweather.com/web-api/three-day-redirect?key=355744&target=3day
Quảng Ninh,Móng Cái,https://www.accuweather.com/web-api/three-day-redirect?key=355739&target=3day
Quảng Ninh,Mông Dương,https://www.accuweather.com/web-api/three-day-redirect?key=355745&target=3day
Quảng Ninh,Na Thiêm,https://www.accuweather.com/web-api/three-day-redirect?key=355746&target=3day
Quảng Ninh,Quảng Hà,https://www.accuweather.com/web-api/three-day-redirect?key=355747&target=3day
Quảng Ninh,Quảng Yên,https://www.accuweather.com/web-api/three-day-redirect?key=355748&target=3day
Quảng Ninh,Than Poun,https://www.accuweather.com/web-api/three-day-redirect?key=106544&target=3day
Quảng Ninh,Uông Bí,https://www.accuweather.com/web-api/three-day-redirect?key=355738&target=3day
Quảng Ninh,Vàng Danh,https://www.accuweather.com/web-api/three-day-redirect?key=355749&target=3day
Quảng Trị,Quảng Trị,https://www.accuweather.com/web-api/three-day-redirect?key=355759&target=3day
Sóc Trăng,Sóc Trăng,https://www.accuweather.com/web-api/three-day-redirect?key=355938&target=3day
Sơn La,Sơn La,https://www.accuweather.com/web-api/three-day-redirect?key=355945&target=3day
Tây Ninh,Tây Ninh,https://www.accuweather.com/web-api/three-day-redirect?key=356171&target=3day
Thái Bình,Thái Bình,https://www.accuweather.com/web-api/three-day-redirect?key=356177&target=3day
Thái Nguyên,Thái Nguyên,https://www.accuweather.com/web-api/three-day-redirect?key=356182&target=3day
Thanh Hóa,Thanh Hóa,https://www.accuweather.com/web-api/three-day-redirect?key=356184&target=3day
Thừa Thiên-Huế,Huế,https://www.accuweather.com/web-api/three-day-redirect?key=356204&target=3day
Thừa Thiên-Huế,Hương Thủy,https://www.accuweather.com/web-api/three-day-redirect?key=356205&target=3day
Thừa Thiên-Huế,Mui Chon Dong,https://www.accuweather.com/web-api/three-day-redirect?key=356207&target=3day
Thừa Thiên-Huế,Nông Trường,https://www.accuweather.com/web-api/three-day-redirect?key=356209&target=3day
Thừa Thiên-Huế,Nông Trường Nam Đồng,https://www.accuweather.com/web-api/three-day-redirect?key=356206&target=3day
Thừa Thiên-Huế,Phú Lộc,https://www.accuweather.com/web-api/three-day-redirect?key=356210&target=3day
Thừa Thiên-Huế,Thôn Phú An,https://www.accuweather.com/web-api/three-day-redirect?key=356211&target=3day
Tiền Giang,Bến Tranh,https://www.accuweather.com/web-api/three-day-redirect?key=356216&target=3day
Tiền Giang,Cái Bè,https://www.accuweather.com/web-api/three-day-redirect?key=356214&target=3day
Tiền Giang,Cai Lậy,https://www.accuweather.com/web-api/three-day-redirect?key=356215&target=3day
Tiền Giang,Gò Công,https://www.accuweather.com/web-api/three-day-redirect?key=356213&target=3day
Tiền Giang,Mỹ Tho,https://www.accuweather.com/web-api/three-day-redirect?key=356212&target=3day
Tiền Giang,Xóm Cửa Tiểu,https://www.accuweather.com/web-api/three-day-redirect?key=356218&target=3day
Tiền Giang,Xóm Vàm Láng,https://www.accuweather.com/web-api/three-day-redirect?key=356217&target=3day
Trà Vinh,Trà Vinh,https://www.accuweather.com/web-api/three-day-redirect?key=356248&target=3day
Tuyên Quang,Tuyên Quang,https://www.accuweather.com/web-api/three-day-redirect?key=356319&target=3day
Vĩnh Long,Vĩnh Long,https://www.accuweather.com/web-api/three-day-redirect?key=356354&target=3day
Vĩnh Phúc,Phúc Yên,https://www.accuweather.com/web-api/three-day-redirect?key=353411&target=3day
Vĩnh Phúc,Vĩnh Yên,https://www.accuweather.com/web-api/three-day-redirect?key=356357&target=3day
Yên Bái,Yên Bái,https://www.accuweather.com/web-api/three-day-redirect?key=356425&target=3day
