Tỉnh thành,URL
An Giang,https://www.accuweather.com/vi/browse-locations/asi/vn/44
Bà Rịa - Vũng Tàu,https://www.accuweather.com/vi/browse-locations/asi/vn/43
Bắc Giang,https://www.accuweather.com/vi/browse-locations/asi/vn/54
Bắc Kạn,https://www.accuweather.com/vi/browse-locations/asi/vn/53
Bạc Liêu,https://www.accuweather.com/vi/browse-locations/asi/vn/55
Bắc Ninh,https://www.accuweather.com/vi/browse-locations/asi/vn/56
Bến Tre,https://www.accuweather.com/vi/browse-locations/asi/vn/50
Bình Định,https://www.accuweather.com/vi/browse-locations/asi/vn/31
Bình Dương,https://www.accuweather.com/vi/browse-locations/asi/vn/57
Bình Phước,https://www.accuweather.com/vi/browse-locations/asi/vn/58
Bình Thuận,https://www.accuweather.com/vi/browse-locations/asi/vn/40
Cà Mau,https://www.accuweather.com/vi/browse-locations/asi/vn/59
Cần Thơ,https://www.accuweather.com/vi/browse-locations/asi/vn/ct
Cao Bằng,https://www.accuweather.com/vi/browse-locations/asi/vn/04
Đà Nẵng,https://www.accuweather.com/vi/browse-locations/asi/vn/dn
Đắk Lắk,https://www.accuweather.com/vi/browse-locations/asi/vn/33
Đắk Nông,https://www.accuweather.com/vi/browse-locations/asi/vn/72
Điện Biên,https://www.accuweather.com/vi/browse-locations/asi/vn/71
Đồng Nai,https://www.accuweather.com/vi/browse-locations/asi/vn/39
Đồng Tháp,https://www.accuweather.com/vi/browse-locations/asi/vn/45
Gia Lai,https://www.accuweather.com/vi/browse-locations/asi/vn/30
Hà Giang,https://www.accuweather.com/vi/browse-locations/asi/vn/03
Hà Nam,https://www.accuweather.com/vi/browse-locations/asi/vn/63
Hà Nội,https://www.accuweather.com/vi/browse-locations/asi/vn/hn
Hà Tĩnh,https://www.accuweather.com/vi/browse-locations/asi/vn/23
Hải Dương,https://www.accuweather.com/vi/browse-locations/asi/vn/61
Hải Phòng,https://www.accuweather.com/vi/browse-locations/asi/vn/hp
Hậu Giang,https://www.accuweather.com/vi/browse-locations/asi/vn/73
Hồ Chí Minh,https://www.accuweather.com/vi/browse-locations/asi/vn/sg
Hòa Bình,https://www.accuweather.com/vi/browse-locations/asi/vn/14
Hưng Yên,https://www.accuweather.com/vi/browse-locations/asi/vn/66
Khánh Hòa,https://www.accuweather.com/vi/browse-locations/asi/vn/34
Kiến Giang,https://www.accuweather.com/vi/browse-locations/asi/vn/47
Kon Tum,https://www.accuweather.com/vi/browse-locations/asi/vn/28
Lai Châu,https://www.accuweather.com/vi/browse-locations/asi/vn/01
Lâm Đồng,https://www.accuweather.com/vi/browse-locations/asi/vn/35
Lạng Sơn,https://www.accuweather.com/vi/browse-locations/asi/vn/09
Lào Cai,https://www.accuweather.com/vi/browse-locations/asi/vn/02
Long An,https://www.accuweather.com/vi/browse-locations/asi/vn/41
Nam Định,https://www.accuweather.com/vi/browse-locations/asi/vn/67
Nghệ An,https://www.accuweather.com/vi/browse-locations/asi/vn/22
Ninh Bình,https://www.accuweather.com/vi/browse-locations/asi/vn/18
Ninh Thuận,https://www.accuweather.com/vi/browse-locations/asi/vn/36
Phú Thọ,https://www.accuweather.com/vi/browse-locations/asi/vn/68
Phú Yên,https://www.accuweather.com/vi/browse-locations/asi/vn/32
Quảng Bình,https://www.accuweather.com/vi/browse-locations/asi/vn/24
Quảng Nam,https://www.accuweather.com/vi/browse-locations/asi/vn/27
Quảng Ngãi,https://www.accuweather.com/vi/browse-locations/asi/vn/29
Quảng Ninh,https://www.accuweather.com/vi/browse-locations/asi/vn/13
Quảng Trị,https://www.accuweather.com/vi/browse-locations/asi/vn/25
Sóc Trăng,https://www.accuweather.com/vi/browse-locations/asi/vn/52
Sơn La,https://www.accuweather.com/vi/browse-locations/asi/vn/05
Tây Ninh,https://www.accuweather.com/vi/browse-locations/asi/vn/37
Thái Bình,https://www.accuweather.com/vi/browse-locations/asi/vn/20
Thái Nguyên,https://www.accuweather.com/vi/browse-locations/asi/vn/69
Thanh Hóa,https://www.accuweather.com/vi/browse-locations/asi/vn/21
Thừa Thiên-Huế,https://www.accuweather.com/vi/browse-locations/asi/vn/26
Tiền Giang,https://www.accuweather.com/vi/browse-locations/asi/vn/46
Trà Vinh,https://www.accuweather.com/vi/browse-locations/asi/vn/51
Tuyên Quang,https://www.accuweather.com/vi/browse-locations/asi/vn/07
Vĩnh Long,https://www.accuweather.com/vi/browse-locations/asi/vn/49
Vĩnh Phúc,https://www.accuweather.com/vi/browse-locations/asi/vn/70
Yên Bái,https://www.accuweather.com/vi/browse-locations/asi/vn/06
